Ubiquiti,NanoStation2,3.2.3734.080909.1631
Ubiquiti,NanoStation5,3.1.1.3498.080725.1329
